anio,indicador,valor,fuente
2025,inflacion_pct,0.710469324989076,Banco Mundial
2024,inflacion_pct,1.54732515615369,Banco Mundial
2023,inflacion_pct,2.21568764237058,Banco Mundial
2022,inflacion_pct,3.46616972213076,Banco Mundial
2021,inflacion_pct,0.133251386096389,Banco Mundial
2020,inflacion_pct,-0.338872392562139,Banco Mundial
2019,inflacion_pct,0.266012515466155,Banco Mundial
2018,inflacion_pct,-0.224103246005552,Banco Mundial
2017,inflacion_pct,0.417335588666824,Banco Mundial
2016,inflacion_pct,1.72826463324532,Banco Mundial
2015,inflacion_pct,3.96664623255357,Banco Mundial
2025,pib_crecimiento_pct,3.72594857272087,Banco Mundial
2024,pib_crecimiento_pct,-1.94409022506859,Banco Mundial
2023,pib_crecimiento_pct,1.8328406107788,Banco Mundial
2022,pib_crecimiento_pct,5.86842354862311,Banco Mundial
2021,pib_crecimiento_pct,9.42189269033631,Banco Mundial
2020,pib_crecimiento_pct,-9.24509619165865,Banco Mundial
2019,pib_crecimiento_pct,0.1654044646003,Banco Mundial
2018,pib_crecimiento_pct,1.04429460679607,Banco Mundial
2017,pib_crecimiento_pct,5.97039880954841,Banco Mundial
2016,pib_crecimiento_pct,-0.687954245877947,Banco Mundial
2015,pib_crecimiento_pct,0.119692109287612,Banco Mundial
2025,credito_privado_pib_pct,58.8742627097159,Banco Mundial
2024,credito_privado_pib_pct,56.5769942262981,Banco Mundial
2023,credito_privado_pib_pct,54.654544984531,Banco Mundial
2022,credito_privado_pib_pct,52.3799487703168,Banco Mundial
2021,credito_privado_pib_pct,49.7533981232754,Banco Mundial
2020,credito_privado_pib_pct,49.0557050652741,Banco Mundial
2019,credito_privado_pib_pct,42.6915820194147,Banco Mundial
2018,credito_privado_pib_pct,38.3374947486699,Banco Mundial
2017,credito_privado_pib_pct,34.2208461040213,Banco Mundial
2016,credito_privado_pib_pct,31.5046558000332,Banco Mundial
2015,credito_privado_pib_pct,29.9362613682185,Banco Mundial
